{"iteration": 19, "hu-worker-c23": 2, "hu-worker-c40": 2, "hu-worker-c43": 1, "hu-worker-c29": 0, "target": "realtime"}
{"iteration": 25, "hu-worker-c23": 1, "hu-worker-c40": 1, "hu-worker-c43": 0, "hu-worker-c29": 0, "target": "realtime"}
{"iteration": 26, "hu-worker-c23": 2, "hu-worker-c40": 2, "hu-worker-c43": 1, "hu-worker-c29": 0, "target": "realtime"}
{"iteration": 29, "hu-worker-c23": 1, "hu-worker-c40": 1, "hu-worker-c43": 1, "hu-worker-c29": 0, "target": "realtime"}
{"iteration": 32, "hu-worker-c23": 2, "hu-worker-c40": 1, "hu-worker-c43": 1, "hu-worker-c29": 0, "target": "realtime"}
{"iteration": 33, "hu-worker-c23": 1, "hu-worker-c40": 1, "hu-worker-c43": 1, "hu-worker-c29": 0, "target": "realtime"}
{"iteration": 34, "hu-worker-c23": 2, "hu-worker-c40": 1, "hu-worker-c43": 1, "hu-worker-c29": 0, "target": "realtime"}
{"iteration": 39, "hu-worker-c23": 1, "hu-worker-c40": 1, "hu-worker-c43": 1, "hu-worker-c29": 0, "target": "realtime"}
{"iteration": 40, "hu-worker-c23": 2, "hu-worker-c40": 1, "hu-worker-c43": 1, "hu-worker-c29": 0, "target": "realtime"}
{"iteration": 41, "hu-worker-c23": 1, "hu-worker-c40": 1, "hu-worker-c43": 1, "hu-worker-c29": 0, "target": "realtime"}
{"iteration": 48, "hu-worker-c23": 2, "hu-worker-c40": 1, "hu-worker-c43": 2, "hu-worker-c29": 0, "target": "realtime"}
{"iteration": 95, "hu-worker-c23": 1, "hu-worker-c40": 0, "hu-worker-c43": 1, "hu-worker-c29": 0, "target": "realtime"}
{"iteration": 96, "hu-worker-c23": 2, "hu-worker-c40": 1, "hu-worker-c43": 2, "hu-worker-c29": 0, "target": "realtime"}
{"iteration": 130, "hu-worker-c23": 1, "hu-worker-c40": 1, "hu-worker-c43": 1, "hu-worker-c29": 0, "target": "realtime"}
{"iteration": 131, "hu-worker-c23": 2, "hu-worker-c40": 1, "hu-worker-c43": 2, "hu-worker-c29": 0, "target": "realtime"}
