{"iteration": 8, "hu-worker-c23": 2, "hu-worker-c40": 1, "hu-worker-c43": 2, "hu-worker-c29": 0, "target": "realtime"}
{"iteration": 402, "hu-worker-c23": 1, "hu-worker-c40": 0, "hu-worker-c43": 1, "hu-worker-c29": 0, "target": "realtime"}
{"iteration": 403, "hu-worker-c23": 2, "hu-worker-c40": 1, "hu-worker-c43": 2, "hu-worker-c29": 0, "target": "realtime"}
{"iteration": 457, "hu-worker-c23": 1, "hu-worker-c40": 1, "hu-worker-c43": 1, "hu-worker-c29": 0, "target": "realtime"}
{"iteration": 458, "hu-worker-c23": 2, "hu-worker-c40": 1, "hu-worker-c43": 2, "hu-worker-c29": 0, "target": "realtime"}
{"iteration": 492, "hu-worker-c23": 1, "hu-worker-c40": 0, "hu-worker-c43": 1, "hu-worker-c29": 0, "target": "realtime"}
{"iteration": 493, "hu-worker-c23": 2, "hu-worker-c40": 1, "hu-worker-c43": 2, "hu-worker-c29": 0, "target": "realtime"}
{"iteration": 686, "hu-worker-c23": 1, "hu-worker-c40": 1, "hu-worker-c43": 1, "hu-worker-c29": 0, "target": "realtime"}
{"iteration": 687, "hu-worker-c23": 2, "hu-worker-c40": 1, "hu-worker-c43": 2, "hu-worker-c29": 0, "target": "realtime"}
{"iteration": 878, "hu-worker-c23": 1, "hu-worker-c40": 1, "hu-worker-c43": 1, "hu-worker-c29": 0, "target": "realtime"}
{"iteration": 879, "hu-worker-c23": 2, "hu-worker-c40": 1, "hu-worker-c43": 2, "hu-worker-c29": 0, "target": "realtime"}
