{"iteration": 13, "hu-worker-c23": 2, "hu-worker-c40": 1, "hu-worker-c43": 2, "hu-worker-c29": 0, "target": "realtime"}
{"iteration": 22, "hu-worker-c23": 1, "hu-worker-c40": 1, "hu-worker-c43": 1, "hu-worker-c29": 0, "target": "realtime"}
{"iteration": 37, "hu-worker-c23": 2, "hu-worker-c40": 1, "hu-worker-c43": 2, "hu-worker-c29": 0, "target": "realtime"}
{"iteration": 58, "hu-worker-c23": 1, "hu-worker-c40": 1, "hu-worker-c43": 1, "hu-worker-c29": 0, "target": "realtime"}
{"iteration": 59, "hu-worker-c23": 2, "hu-worker-c40": 1, "hu-worker-c43": 2, "hu-worker-c29": 0, "target": "realtime"}
{"iteration": 70, "hu-worker-c23": 1, "hu-worker-c40": 1, "hu-worker-c43": 1, "hu-worker-c29": 0, "target": "realtime"}
{"iteration": 73, "hu-worker-c23": 2, "hu-worker-c40": 1, "hu-worker-c43": 2, "hu-worker-c29": 0, "target": "realtime"}
{"iteration": 85, "hu-worker-c23": 1, "hu-worker-c40": 1, "hu-worker-c43": 1, "hu-worker-c29": 0, "target": "realtime"}
{"iteration": 122, "hu-worker-c23": 2, "hu-worker-c40": 1, "hu-worker-c43": 2, "hu-worker-c29": 0, "target": "realtime"}
{"iteration": 127, "hu-worker-c23": 1, "hu-worker-c40": 1, "hu-worker-c43": 1, "hu-worker-c29": 0, "target": "realtime"}
{"iteration": 225, "hu-worker-c23": 2, "hu-worker-c40": 1, "hu-worker-c43": 2, "hu-worker-c29": 0, "target": "realtime"}
